X-location,Y-location,X-location,Y-location,Distance,Bearing,Angle,Abs Angle
33380.0,4021.0,3.725,33.275,,,,
33231.0,4391.0,0.0,42.525,9.9718666758,158.064665568,,
34102.0,4795.0,21.775,52.625,24.0033461209,245.11709116,87.0524255919,87.0524255919
35280.0,4521.0,51.225,45.775,30.2361538559,283.094435673,37.9773445129,37.9773445129
35255.0,3289.0,50.6,14.975,30.8063406623,1.16248986765,78.0680541947,78.0680541947
34549.0,2690.0,32.95,0.0,23.1467735333,49.6868998293,48.5244099616,48.5244099616
