X-location,Y-location,X-location,Y-location,Distance,Bearing,Angle,Abs Angle
24807.0,11068.0,1.825,198.25,,,,
24864.0,10112.0,3.25,174.35,23.9424440064,356.587901268,,
25209.0,8885.0,11.875,143.675,31.86449827,344.295527495,-12.2923737732,12.2923737732
24960.0,7718.0,5.65,114.5,29.8317155055,12.0443634877,27.748835993,27.748835993
24734.0,6526.0,0.0,84.7,30.3308836007,10.7356183,-1.30874518766,1.30874518766
24751.0,5577.0,0.425,60.975,23.7288063332,358.973746421,-11.7618718791,11.7618718791
24866.0,4277.0,3.3,28.475,32.6269156526,354.944720897,-4.02902552375,4.02902552375
25118.0,3138.0,9.6,0.0,29.1636010294,347.52456146,-7.42015943764,7.42015943764
