X-location,Y-location,X-location,Y-location,Distance,Bearing,Angle,Abs Angle
24973.0,11535.0,5.1,85.55,,,,
24769.0,12095.0,0.0,99.55,14.9,159.983694436,,
25354.0,11463.0,14.625,83.75,21.5297613781,317.212054282,157.228359846,157.228359846
25403.0,10231.0,15.85,52.95,30.8243511692,357.722407585,40.5103533034,40.5103533034
25560.0,8678.0,19.775,14.125,39.0228939214,354.227347501,-3.49506008389,3.49506008389
25645.0,8113.0,21.9,0.0,14.283950784,351.444583712,-2.78276378898,2.78276378898
