X-location,Y-location,X-location,Y-location,Distance,Bearing,Angle,Abs Angle
24919.0,11675.0,53.85,0.0,,,,
25315.0,12047.0,63.75,9.3,13.5830777072,226.790718742,,
24559.0,11745.0,44.85,1.75,20.3522111821,68.2241331431,-158.566585599,158.566585599
23621.0,12432.0,21.4,18.925,29.0668733269,126.218954227,57.9948210836,57.9948210836
22765.0,12483.0,0.0,20.2,21.437948246,93.4088797235,-32.8100745032,32.8100745032
23010.0,13318.0,6.125,41.075,21.7550281544,196.352582732,102.943703008,102.943703008
22902.0,13278.0,3.425,40.075,2.87923600978,69.6722569434,-126.680325789,126.680325789
