X-location,Y-location,X-location,Y-location,Distance,Bearing,Angle,Abs Angle
28432.0,2572.0,11.0,0.0,,,,
28117.0,3011.0,3.125,10.975,13.5080068848,144.338404315,,
27992.0,3341.0,0.0,19.225,8.8220249943,159.253327042,14.9149227266,14.9149227266
28613.0,3566.0,15.525,24.85,16.5126088187,250.084468781,90.8311417395,90.8311417395
29446.0,3557.0,36.35,24.625,20.8262154507,270.619630197,20.5351614161,20.5351614161
30100.0,3737.0,52.7,29.125,16.9579627314,254.612409584,-16.0072206134,16.0072206134
30857.0,4275.0,71.625,42.575,23.2176253092,234.599135791,-20.013273793,20.013273793
31435.0,4357.0,86.075,44.625,14.5946908155,261.926457716,27.3273219253,27.3273219253
32012.0,4538.0,100.5,49.15,15.118076928,252.584767158,-9.34169055815,9.34169055815
